{"cameraMode":{"drawMode":0,"name":"Shaded","section":"Shading Mode"},"sceneLighting":false,"audioPlay":false,"sceneViewState":{"showFog":true,"showMaterialUpdate":false,"showSkybox":false,"showFlares":true,"showImageEffects":true,"showParticleSystems":true},"in2DMode":false,"pivot":{"x":0.0,"y":-0.001636505126953125,"z":-20.77378273010254},"rotation":{"x":0.2216191291809082,"y":-0.014626708813011647,"z":0.003324170596897602,"w":0.9750208854675293},"size":23.515066146850587,"orthographic":false}