{"cameraMode":{"drawMode":0,"name":"Shaded","section":"Shading Mode"},"sceneLighting":false,"audioPlay":false,"sceneViewState":{"showFog":true,"showMaterialUpdate":false,"showSkybox":false,"showFlares":true,"showImageEffects":true,"showParticleSystems":true},"in2DMode":false,"pivot":{"x":-3.156221389770508,"y":0.0855480432510376,"z":1.9308733940124512},"rotation":{"x":0.1014406681060791,"y":-0.22770458459854127,"z":0.02385861985385418,"w":0.9681384563446045},"size":0.28230854868888857,"orthographic":false}