{"cameraMode":{"drawMode":0,"name":"Shaded","section":"Shading Mode"},"sceneLighting":true,"audioPlay":false,"sceneViewState":{"showFog":true,"showMaterialUpdate":false,"showSkybox":true,"showFlares":true,"showImageEffects":true,"showParticleSystems":true},"in2DMode":false,"pivot":{"x":297.2999572753906,"y":51.100006103515628,"z":0.0},"rotation":{"x":0.031112397089600564,"y":-0.15529100596904756,"z":0.004893262404948473,"w":0.9873677492141724},"size":1639.15380859375,"orthographic":false}