{"cameraMode":{"drawMode":0,"name":"Shaded","section":"Shading Mode"},"sceneLighting":false,"audioPlay":false,"sceneViewState":{"showFog":true,"showMaterialUpdate":false,"showSkybox":false,"showFlares":true,"showImageEffects":true,"showParticleSystems":true},"in2DMode":false,"pivot":{"x":-0.00021232664585113525,"y":0.40262162685394289,"z":-0.004256144165992737},"rotation":{"x":0.045138075947761539,"y":-0.9497257471084595,"z":0.1625392735004425,"w":0.263764351606369},"size":2.6303317546844484,"orthographic":false}