{"cameraMode":{"drawMode":0,"name":"Shaded","section":"Shading Mode"},"sceneLighting":true,"audioPlay":false,"sceneViewState":{"showFog":true,"showMaterialUpdate":false,"showSkybox":true,"showFlares":true,"showImageEffects":true,"showParticleSystems":true},"in2DMode":false,"pivot":{"x":-15.753271102905274,"y":-65.01791381835938,"z":522.7095947265625},"rotation":{"x":0.07186049222946167,"y":-0.04636314883828163,"z":0.003344185883179307,"w":0.996334433555603},"size":566.4891967773438,"orthographic":false}