{"cameraMode":{"drawMode":0,"name":"Shaded","section":"Shading Mode"},"sceneLighting":false,"audioPlay":false,"sceneViewState":{"showFog":true,"showMaterialUpdate":false,"showSkybox":false,"showFlares":true,"showImageEffects":true,"showParticleSystems":true},"in2DMode":false,"pivot":{"x":-16.387182235717775,"y":7.420003890991211,"z":-19.12665367126465},"rotation":{"x":0.322456419467926,"y":-0.09350533038377762,"z":0.03202790394425392,"w":0.9414101243019104},"size":2.8578836917877199,"orthographic":false}