{"cameraMode":{"drawMode":0,"name":"Shaded","section":"Shading Mode"},"sceneLighting":true,"audioPlay":false,"sceneViewState":{"showFog":true,"showMaterialUpdate":false,"showSkybox":true,"showFlares":true,"showImageEffects":true,"showParticleSystems":true},"in2DMode":false,"pivot":{"x":-8.114273071289063,"y":-42.612159729003909,"z":-39.17201232910156},"rotation":{"x":0.4005619287490845,"y":-0.13527633249759675,"z":0.05992461368441582,"w":0.9042457938194275},"size":1832.4761962890625,"orthographic":false}