{"cameraMode":{"drawMode":0,"name":"Shaded","section":"Shading Mode"},"sceneLighting":false,"audioPlay":false,"sceneViewState":{"showFog":true,"showMaterialUpdate":false,"showSkybox":false,"showFlares":true,"showImageEffects":true,"showParticleSystems":true},"in2DMode":false,"pivot":{"x":1.7317452430725098,"y":-5.215854644775391,"z":-13.719948768615723},"rotation":{"x":0.4855623245239258,"y":0.46816498041152956,"z":-0.3495887517929077,"w":0.6502615809440613},"size":2.8578836917877199,"orthographic":false}