{"cameraMode":{"drawMode":0,"name":"Shaded","section":"Shading Mode"},"sceneLighting":true,"audioPlay":false,"sceneViewState":{"showFog":true,"showMaterialUpdate":false,"showSkybox":true,"showFlares":true,"showImageEffects":true,"showParticleSystems":true},"in2DMode":false,"pivot":{"x":-0.41022515296936037,"y":-1.8991289138793946,"z":-0.3687169551849365},"rotation":{"x":0.4855623245239258,"y":0.46816498041152956,"z":-0.3495887517929077,"w":0.6502615809440613},"size":63.030548095703128,"orthographic":false}