{"cameraMode":{"drawMode":0,"name":"Shaded","section":"Shading Mode"},"sceneLighting":false,"audioPlay":false,"sceneViewState":{"showFog":true,"showMaterialUpdate":false,"showSkybox":false,"showFlares":true,"showImageEffects":true,"showParticleSystems":true},"in2DMode":false,"pivot":{"x":-0.006632030010223389,"y":0.48158887028694155,"z":-0.13982558250427247},"rotation":{"x":0.1014406681060791,"y":-0.22770458459854127,"z":0.02385861985385418,"w":0.9681384563446045},"size":1.089489221572876,"orthographic":false}