{"cameraMode":{"drawMode":0,"name":"Shaded","section":"Shading Mode"},"sceneLighting":false,"audioPlay":false,"sceneViewState":{"showFog":true,"showMaterialUpdate":false,"showSkybox":false,"showFlares":true,"showImageEffects":true,"showParticleSystems":true},"in2DMode":false,"pivot":{"x":4.910480976104736,"y":2.052476644515991,"z":3.4762353897094728},"rotation":{"x":0.4005619287490845,"y":-0.13527633249759675,"z":0.05992461368441582,"w":0.9042457938194275},"size":16.98660659790039,"orthographic":false}