{"cameraMode":{"drawMode":0,"name":"Shaded","section":"Shading Mode"},"sceneLighting":false,"audioPlay":false,"sceneViewState":{"showFog":true,"showMaterialUpdate":false,"showSkybox":false,"showFlares":true,"showImageEffects":true,"showParticleSystems":true},"in2DMode":false,"pivot":{"x":1.7317452430725098,"y":-5.215854644775391,"z":-13.719948768615723},"rotation":{"x":-0.2850480377674103,"y":0.05229533091187477,"z":-0.0155771030113101,"w":-0.9569603204727173},"size":5.7157673835754398,"orthographic":false}