{"cameraMode":{"drawMode":0,"name":"Shaded","section":"Shading Mode"},"sceneLighting":false,"audioPlay":false,"sceneViewState":{"showFog":true,"showMaterialUpdate":false,"showSkybox":false,"showFlares":true,"showImageEffects":true,"showParticleSystems":true},"in2DMode":false,"pivot":{"x":-4.656000137329102,"y":0.0224301815032959,"z":-0.8544330596923828},"rotation":{"x":0.1542261689901352,"y":0.31551873683929446,"z":-0.052051179111003879,"w":0.934856653213501},"size":8.715768814086914,"orthographic":false}