{"cameraMode":{"drawMode":0,"name":"Shaded","section":"Shading Mode"},"sceneLighting":false,"audioPlay":false,"sceneViewState":{"showFog":true,"showMaterialUpdate":false,"showSkybox":false,"showFlares":true,"showImageEffects":true,"showParticleSystems":true},"in2DMode":false,"pivot":{"x":11.04301929473877,"y":1.6584019660949708,"z":0.9460041522979736},"rotation":{"x":0.4005619287490845,"y":-0.13527633249759675,"z":0.05992461368441582,"w":0.9042457938194275},"size":2.8638248443603517,"orthographic":false}